trials,mcit_null,mcit_alt,mcit_times,krcit_null,krcit_alt,krcit_times
0,0.19999999999999996,0.040000000000000036,0,0.24739583333333337,0.078125,0
0,0.19999999999999996,0.040000000000000036,0,0.24739583333333337,0.078125,0
