trials,mcit_null,mcit_alt,mcit_times,krcit_null,krcit_alt,krcit_times
0,0.19999999999999996,0.010000000000000009,0,0.24739583333333337,0.02864583333333337,0
0,0.19999999999999996,0.010000000000000009,0,0.24739583333333337,0.02864583333333337,0
